trial,testing,parameters,initial_deadline,final_deadline,net_reward,actions,success
1,False,"{'a': 0.999000499833375, 'e': 0.9900498337491681}",25,0,-123.36945833723601,"{0: 14, 1: 3, 2: 6, 3: 1, 4: 1}",0
2,False,"{'a': 0.9980019986673331, 'e': 0.9801986733067553}",20,0,-128.70105224351957,"{0: 10, 1: 3, 2: 5, 3: 0, 4: 2}",0
3,False,"{'a': 0.997004495503373, 'e': 0.9704455335485082}",20,3,-145.88739626329843,"{0: 8, 1: 2, 2: 3, 3: 2, 4: 2}",1
4,False,"{'a': 0.9960079893439915, 'e': 0.9607894391523232}",35,0,-319.9459208975562,"{0: 14, 1: 7, 2: 6, 3: 4, 4: 4}",0
5,False,"{'a': 0.9950124791926823, 'e': 0.951229424500714}",25,0,-163.94306038452032,"{0: 15, 1: 4, 2: 2, 3: 1, 4: 3}",0
6,False,"{'a': 0.9940179640539353, 'e': 0.9417645335842487}",20,0,-101.5610467399038,"{0: 12, 1: 1, 2: 5, 3: 1, 4: 1}",0
7,False,"{'a': 0.9930244429332351, 'e': 0.9323938199059483}",30,0,-240.1908727048764,"{0: 15, 1: 5, 2: 5, 3: 1, 4: 4}",0
8,False,"{'a': 0.9920319148370607, 'e': 0.9231163463866358}",25,0,-135.3648087650031,"{0: 14, 1: 4, 2: 3, 3: 3, 4: 1}",0
9,False,"{'a': 0.9910403787728836, 'e': 0.9139311852712282}",25,0,-128.87022576252738,"{0: 16, 1: 3, 2: 3, 3: 1, 4: 2}",0
10,False,"{'a': 0.9900498337491681, 'e': 0.9048374180359596}",20,0,-182.9196516528257,"{0: 10, 1: 2, 2: 4, 3: 1, 4: 3}",0
11,False,"{'a': 0.9890602787753687, 'e': 0.8958341352965282}",20,1,-75.88138254125347,"{0: 12, 1: 2, 2: 4, 3: 0, 4: 1}",1
12,False,"{'a': 0.9880717128619305, 'e': 0.8869204367171575}",20,0,-50.829407135926296,"{0: 13, 1: 3, 2: 3, 3: 1, 4: 0}",0
13,False,"{'a': 0.9870841350202876, 'e': 0.8780954309205613}",20,0,-80.27345998962949,"{0: 10, 1: 4, 2: 5, 3: 1, 4: 0}",0
14,False,"{'a': 0.9860975442628619, 'e': 0.8693582353988059}",30,0,-160.2551349297658,"{0: 16, 1: 4, 2: 6, 3: 3, 4: 1}",0
15,False,"{'a': 0.9851119396030626, 'e': 0.8607079764250578}",20,0,-112.4719444204861,"{0: 10, 1: 3, 2: 5, 3: 1, 4: 1}",0
16,False,"{'a': 0.9841273200552851, 'e': 0.8521437889662113}",30,0,-65.43246388727415,"{0: 24, 1: 2, 2: 2, 3: 1, 4: 1}",0
17,False,"{'a': 0.9831436846349096, 'e': 0.8436648165963837}",20,0,-46.43061546542063,"{0: 12, 1: 5, 2: 3, 3: 0, 4: 0}",0
18,False,"{'a': 0.9821610323583008, 'e': 0.835270211411272}",35,21,-23.605280843261596,"{0: 11, 1: 0, 2: 2, 3: 1, 4: 0}",1
19,False,"{'a': 0.981179362242806, 'e': 0.8269591339433623}",25,0,-82.2764504564173,"{0: 16, 1: 3, 2: 5, 3: 0, 4: 1}",0
20,False,"{'a': 0.9801986733067553, 'e': 0.8187307530779818}",20,0,-109.71311350218265,"{0: 10, 1: 2, 2: 7, 3: 0, 4: 1}",0
21,False,"{'a': 0.9792189645694596, 'e': 0.8105842459701871}",20,0,-43.21168037670279,"{0: 14, 1: 2, 2: 3, 3: 1, 4: 0}",0
22,False,"{'a': 0.97824023505121, 'e': 0.8025187979624785}",35,0,-88.03512657275155,"{0: 26, 1: 2, 2: 5, 3: 1, 4: 1}",0
23,False,"{'a': 0.9772624837732771, 'e': 0.794533602503334}",25,0,-61.07487205273289,"{0: 15, 1: 4, 2: 6, 3: 0, 4: 0}",0
24,False,"{'a': 0.9762857097579093, 'e': 0.7866278610665535}",25,0,-216.33399433263224,"{0: 11, 1: 3, 2: 6, 3: 2, 4: 3}",0
25,False,"{'a': 0.9753099120283327, 'e': 0.7788007830714049}",30,0,-111.42043208297503,"{0: 19, 1: 4, 2: 4, 3: 2, 4: 1}",0
26,False,"{'a': 0.9743350896087494, 'e': 0.7710515858035663}",25,0,-90.24936650909328,"{0: 16, 1: 2, 2: 6, 3: 0, 4: 1}",0
27,False,"{'a': 0.9733612415243368, 'e': 0.7633794943368531}",25,0,-34.14345641676088,"{0: 17, 1: 5, 2: 3, 3: 0, 4: 0}",1
28,False,"{'a': 0.9723883668012469, 'e': 0.7557837414557255}",20,0,-11.062885887810781,"{0: 17, 1: 1, 2: 1, 3: 1, 4: 0}",0
29,False,"{'a': 0.9714164644666048, 'e': 0.7482635675785653}",25,0,-115.51156808322654,"{0: 14, 1: 1, 2: 9, 3: 0, 4: 1}",0
30,False,"{'a': 0.9704455335485082, 'e': 0.7408182206817179}",25,0,-88.00635978171825,"{0: 15, 1: 5, 2: 4, 3: 0, 4: 1}",0
31,False,"{'a': 0.9694755730760259, 'e': 0.7334469562242892}",25,0,-62.09396366808983,"{0: 18, 1: 3, 2: 3, 3: 0, 4: 1}",1
32,False,"{'a': 0.9685065820791976, 'e': 0.7261490370736909}",25,0,-109.34828959062918,"{0: 17, 1: 2, 2: 4, 3: 0, 4: 2}",0
33,False,"{'a': 0.967538559589032, 'e': 0.7189237334319262}",30,0,-225.16443522924794,"{0: 16, 1: 2, 2: 7, 3: 2, 4: 3}",0
34,False,"{'a': 0.9665715046375066, 'e': 0.7117703227626097}",20,0,-145.02495429602362,"{0: 9, 1: 3, 2: 6, 3: 0, 4: 2}",0
35,False,"{'a': 0.9656054162575665, 'e': 0.7046880897187134}",20,0,-57.97591134162319,"{0: 15, 1: 1, 2: 3, 3: 0, 4: 1}",0
36,False,"{'a': 0.9646402934831231, 'e': 0.6976763260710311}",25,0,-121.19373637625127,"{0: 16, 1: 2, 2: 5, 3: 0, 4: 2}",0
37,False,"{'a': 0.9636761353490535, 'e': 0.6907343306373547}",30,0,-32.58862681076037,"{0: 22, 1: 4, 2: 4, 3: 0, 4: 0}",0
38,False,"{'a': 0.9627129408911995, 'e': 0.6838614092123558}",20,9,-31.26281017779745,"{0: 7, 1: 1, 2: 2, 3: 1, 4: 0}",1
39,False,"{'a': 0.9617507091463667, 'e': 0.6770568744981647}",25,0,-112.50746912184151,"{0: 15, 1: 4, 2: 3, 3: 2, 4: 1}",0
40,False,"{'a': 0.9607894391523232, 'e': 0.6703200460356393}",20,2,-62.79689808559182,"{0: 12, 1: 2, 2: 3, 3: 0, 4: 1}",1
41,False,"{'a': 0.9598291299477989, 'e': 0.6636502501363194}",20,0,-85.63473041903634,"{0: 12, 1: 2, 2: 5, 3: 0, 4: 1}",0
42,False,"{'a': 0.9588697805724845, 'e': 0.6570468198150567}",20,0,-75.8483869785537,"{0: 14, 1: 1, 2: 3, 3: 1, 4: 1}",0
43,False,"{'a': 0.9579113900670306, 'e': 0.6505090947233165}",25,0,-89.92110494133402,"{0: 20, 1: 1, 2: 1, 3: 1, 4: 2}",0
44,False,"{'a': 0.9569539574730467, 'e': 0.6440364210831414}",20,0,-38.34293059798412,"{0: 15, 1: 1, 2: 3, 3: 1, 4: 0}",0
45,False,"{'a': 0.9559974818331, 'e': 0.6376281516217733}",30,19,4.836491770567882,"{0: 10, 1: 0, 2: 1, 3: 0, 4: 0}",1
46,False,"{'a': 0.9550419621907147, 'e': 0.631283645506926}",25,0,-120.51069537817581,"{0: 18, 1: 0, 2: 3, 3: 2, 4: 2}",0
47,False,"{'a': 0.9540873975903711, 'e': 0.6250022682827008}",20,0,-156.0511569242732,"{0: 11, 1: 0, 2: 5, 3: 2, 4: 2}",0
48,False,"{'a': 0.9531337870775047, 'e': 0.6187833918061408}",20,0,-37.230871173328545,"{0: 16, 1: 3, 2: 0, 3: 0, 4: 1}",0
49,False,"{'a': 0.9521811296985049, 'e': 0.6126263941844161}",25,0,-102.49523313209693,"{0: 18, 1: 2, 2: 3, 3: 0, 4: 2}",0
50,False,"{'a': 0.951229424500714, 'e': 0.6065306597126334}",20,0,-18.974354704193583,"{0: 15, 1: 2, 2: 3, 3: 0, 4: 0}",0
51,False,"{'a': 0.950278670532427, 'e': 0.6004955788122659}",20,0,-11.824041255030497,"{0: 16, 1: 2, 2: 2, 3: 0, 4: 0}",0
52,False,"{'a': 0.9493288668428895, 'e': 0.5945205479701944}",30,0,-66.93527108612105,"{0: 23, 1: 3, 2: 2, 3: 1, 4: 1}",0
53,False,"{'a': 0.9483800124822982, 'e': 0.5886049696783552}",30,0,-184.48730570213218,"{0: 19, 1: 1, 2: 5, 3: 2, 4: 3}",0
54,False,"{'a': 0.9474321065017983, 'e': 0.5827482523739896}",30,0,-63.534382024514024,"{0: 23, 1: 2, 2: 4, 3: 0, 4: 1}",0
55,False,"{'a': 0.9464851479534838, 'e': 0.5769498103804866}",20,0,-49.56365643932604,"{0: 16, 1: 0, 2: 3, 3: 0, 4: 1}",0
56,False,"{'a': 0.9455391358903963, 'e': 0.5712090638488149}",25,4,-72.54400205870178,"{0: 15, 1: 1, 2: 3, 3: 1, 4: 1}",1
57,False,"{'a': 0.9445940693665233, 'e': 0.5655254386995371}",25,0,-101.25598152535422,"{0: 19, 1: 0, 2: 4, 3: 0, 4: 2}",0
58,False,"{'a': 0.9436499474367985, 'e': 0.559898366565402}",25,0,-76.43541384420425,"{0: 20, 1: 2, 2: 1, 3: 0, 4: 2}",0
59,False,"{'a': 0.9427067691570997, 'e': 0.5543272847345071}",25,0,-17.376473166929106,"{0: 20, 1: 1, 2: 4, 3: 0, 4: 0}",0
60,False,"{'a': 0.9417645335842487, 'e': 0.5488116360940265}",20,0,-91.06849364616104,"{0: 14, 1: 2, 2: 2, 3: 0, 4: 2}",0
61,False,"{'a': 0.9408232397760098, 'e': 0.5433508690744998}",30,2,-112.74302859705642,"{0: 19, 1: 1, 2: 6, 3: 0, 4: 2}",1
62,False,"{'a': 0.9398828867910889, 'e': 0.5379444375946745}",30,19,-30.9555614358098,"{0: 9, 1: 1, 2: 0, 3: 0, 4: 1}",1
63,False,"{'a': 0.9389434736891332, 'e': 0.5325918010068972}",20,0,-102.38991839315479,"{0: 13, 1: 4, 2: 0, 3: 1, 4: 2}",0
64,False,"{'a': 0.9380049995307295, 'e': 0.5272924240430485}",20,0,-15.447517980167813,"{0: 17, 1: 1, 2: 1, 3: 1, 4: 0}",0
65,False,"{'a': 0.9370674633774034, 'e': 0.522045776761016}",25,16,11.157440487413425,"{0: 8, 1: 1, 2: 0, 3: 0, 4: 0}",1
66,False,"{'a': 0.9361308642916188, 'e': 0.5168513344916993}",25,0,-76.25846687994519,"{0: 18, 1: 3, 2: 2, 3: 1, 4: 1}",0
67,False,"{'a': 0.9351952013367766, 'e': 0.5117085777865424}",25,0,-112.16658312155134,"{0: 18, 1: 1, 2: 3, 3: 1, 4: 2}",0
68,False,"{'a': 0.9342604735772135, 'e': 0.5066169923655897}",20,5,-55.44544549011433,"{0: 10, 1: 2, 2: 2, 3: 0, 4: 1}",1
69,False,"{'a': 0.933326680078202, 'e': 0.5015760690660556}",20,1,-42.841769949484934,"{0: 13, 1: 0, 2: 6, 3: 0, 4: 0}",1
70,False,"{'a': 0.9323938199059483, 'e': 0.4965853037914095}",20,0,-115.10687161512155,"{0: 16, 1: 0, 2: 1, 3: 0, 4: 3}",0
71,False,"{'a': 0.9314618921275921, 'e': 0.49164419746096516}",30,0,-36.44224891340553,"{0: 23, 1: 3, 2: 3, 3: 1, 4: 0}",0
72,False,"{'a': 0.9305308958112057, 'e': 0.4867522559599717}",25,0,-53.257055994422444,"{0: 19, 1: 2, 2: 3, 3: 0, 4: 1}",0
73,False,"{'a': 0.9296008300257927, 'e': 0.48190899009020244}",30,8,-46.17998128651402,"{0: 18, 1: 1, 2: 2, 3: 0, 4: 1}",1
74,False,"{'a': 0.9286716938412872, 'e': 0.47711391552103444}",20,0,-55.7235545587724,"{0: 15, 1: 1, 2: 3, 3: 0, 4: 1}",0
75,False,"{'a': 0.9277434863285529, 'e': 0.47236655274101474}",25,0,-77.77965340546952,"{0: 17, 1: 2, 2: 5, 3: 0, 4: 1}",0
76,False,"{'a': 0.9268162065593822, 'e': 0.46766642700990924}",30,0,-44.95954937709797,"{0: 26, 1: 0, 2: 2, 3: 1, 4: 1}",0
77,False,"{'a': 0.9258898536064953, 'e': 0.46301306831122807}",20,14,-18.01639753662784,"{0: 4, 1: 1, 2: 0, 3: 1, 4: 0}",1
78,False,"{'a': 0.9249644265435393, 'e': 0.45840601130522357}",20,0,-2.6667666261864476,"{0: 17, 1: 1, 2: 2, 3: 0, 4: 0}",0
79,False,"{'a': 0.9240399244450869, 'e': 0.45384479528235583}",20,0,-73.1224403418151,"{0: 14, 1: 2, 2: 2, 3: 1, 4: 1}",0
80,False,"{'a': 0.9231163463866358, 'e': 0.44932896411722156}",20,10,-55.89904564498335,"{0: 7, 1: 0, 2: 1, 3: 1, 4: 1}",1
81,False,"{'a': 0.922193691444608, 'e': 0.4448580662229411}",20,0,6.829481004539912,"{0: 18, 1: 1, 2: 1, 3: 0, 4: 0}",0
82,False,"{'a': 0.9212719586963487, 'e': 0.44043165450599925}",20,0,-64.04675343369925,"{0: 14, 1: 2, 2: 3, 3: 0, 4: 1}",0
83,False,"{'a': 0.9203511472201247, 'e': 0.43604928632153556}",20,5,-9.737242820813913,"{0: 12, 1: 0, 2: 3, 3: 0, 4: 0}",1
84,False,"{'a': 0.9194312560951247, 'e': 0.43171052342907973}",20,7,17.613194132239784,"{0: 12, 1: 1, 2: 0, 3: 0, 4: 0}",1
85,False,"{'a': 0.9185122844014574, 'e': 0.4274149319487267}",25,0,-32.08158705222487,"{0: 20, 1: 0, 2: 4, 3: 1, 4: 0}",0
86,False,"{'a': 0.9175942312201509, 'e': 0.4231620823177488}",20,0,-20.958596759281573,"{0: 16, 1: 2, 2: 1, 3: 1, 4: 0}",0
87,False,"{'a': 0.9166770956331523, 'e': 0.418951549247639}",20,0,-12.292558373734746,"{0: 17, 1: 2, 2: 0, 3: 1, 4: 0}",1
88,False,"{'a': 0.9157608767233256, 'e': 0.4147829116815814}",20,0,4.807846027882983,"{0: 18, 1: 0, 2: 2, 3: 0, 4: 0}",0
89,False,"{'a': 0.914845573574452, 'e': 0.4106557527523455}",20,13,7.75592539093695,"{0: 7, 1: 0, 2: 0, 3: 0, 4: 0}",1
90,False,"{'a': 0.9139311852712282, 'e': 0.4065696597405991}",25,0,-57.304409212994926,"{0: 16, 1: 5, 2: 3, 3: 1, 4: 0}",0
91,False,"{'a': 0.9130177108992658, 'e': 0.40252422403363597}",25,5,12.410727740026152,"{0: 19, 1: 0, 2: 0, 3: 1, 4: 0}",1
92,False,"{'a': 0.9121051495450904, 'e': 0.3985190410845142}",25,3,-3.3704283397287034,"{0: 18, 1: 2, 2: 2, 3: 0, 4: 0}",1
93,False,"{'a': 0.9111935002961405, 'e': 0.39455371037160114}",20,13,-17.541122629215185,"{0: 4, 1: 1, 2: 2, 3: 0, 4: 0}",1
94,False,"{'a': 0.910282762240767, 'e': 0.3906278353585211}",25,5,-30.643639576336,"{0: 15, 1: 1, 2: 3, 3: 1, 4: 0}",1
95,False,"{'a': 0.9093729344682314, 'e': 0.3867410234545012}",25,0,-35.28598017188011,"{0: 21, 1: 1, 2: 2, 3: 0, 4: 1}",0
96,False,"{'a': 0.9084640160687062, 'e': 0.38289288597511206}",20,0,3.2516962807722383,"{0: 18, 1: 1, 2: 1, 3: 0, 4: 0}",0
97,False,"{'a': 0.9075560061332727, 'e': 0.37908303810339883}",25,0,-2.344776991553363,"{0: 22, 1: 1, 2: 1, 3: 1, 4: 0}",0
98,False,"{'a': 0.9066489037539209, 'e': 0.37531109885139957}",25,5,-90.62170136265506,"{0: 15, 1: 0, 2: 3, 3: 0, 4: 2}",1
99,False,"{'a': 0.9057427080235485, 'e': 0.3715766910220457}",20,0,-60.27933062438848,"{0: 16, 1: 0, 2: 2, 3: 1, 4: 1}",0
100,False,"{'a': 0.9048374180359596, 'e': 0.36787944117144233}",20,1,-49.649259215629016,"{0: 14, 1: 0, 2: 3, 3: 2, 4: 0}",1
101,False,"{'a': 0.9039330328858641, 'e': 0.3642189795715233}",25,11,-2.9020908274021036,"{0: 12, 1: 0, 2: 2, 3: 0, 4: 0}",1
102,False,"{'a': 0.9030295516688768, 'e': 0.3605949401730783}",20,4,0.20593516630333597,"{0: 14, 1: 0, 2: 2, 3: 0, 4: 0}",1
103,False,"{'a': 0.9021269734815165, 'e': 0.3570069605691474}",30,0,-66.89447028135683,"{0: 24, 1: 0, 2: 4, 3: 1, 4: 1}",0
104,False,"{'a': 0.9012252974212048, 'e': 0.35345468195878016}",30,11,-38.79850859312642,"{0: 14, 1: 3, 2: 1, 3: 0, 4: 1}",1
105,False,"{'a': 0.9003245225862656, 'e': 0.3499377491111553}",30,16,-18.171425015879244,"{0: 11, 1: 0, 2: 2, 3: 1, 4: 0}",1
106,False,"{'a': 0.899424648075924, 'e': 0.34645581033005746}",25,0,-50.7254787479238,"{0: 21, 1: 0, 2: 2, 3: 1, 4: 1}",1
107,False,"{'a': 0.8985256729903055, 'e': 0.3430085174187067}",25,0,-36.71927857328581,"{0: 21, 1: 1, 2: 2, 3: 0, 4: 1}",0
108,False,"{'a': 0.8976275964304349, 'e': 0.33959552564493917}",20,11,-3.7866168326720624,"{0: 6, 1: 3, 2: 0, 3: 0, 4: 0}",1
109,False,"{'a': 0.8967304174982355, 'e': 0.33621649370673334}",20,4,-19.85017620191543,"{0: 13, 1: 0, 2: 2, 3: 1, 4: 0}",1
110,False,"{'a': 0.8958341352965282, 'e': 0.33287108369807955}",30,0,-45.732529091296904,"{0: 25, 1: 1, 2: 3, 3: 0, 4: 1}",0
111,False,"{'a': 0.894938748929031, 'e': 0.32955896107518906}",20,1,-94.68630362103171,"{0: 12, 1: 4, 2: 1, 3: 0, 4: 2}",1
112,False,"{'a': 0.8940442575003572, 'e': 0.32627979462303947}",20,0,-53.24368964931711,"{0: 16, 1: 1, 2: 1, 3: 1, 4: 1}",0
113,False,"{'a': 0.8931506601160155, 'e': 0.3230332564222529}",25,0,-117.48848248573323,"{0: 16, 1: 2, 2: 4, 3: 2, 4: 1}",0
114,False,"{'a': 0.8922579558824083, 'e': 0.3198190218163039}",20,0,-118.88614121359036,"{0: 14, 1: 2, 2: 1, 3: 0, 4: 3}",0
115,False,"{'a': 0.8913661439068313, 'e': 0.3166367693790532}",25,0,-57.98295035306414,"{0: 22, 1: 0, 2: 1, 3: 0, 4: 2}",0
116,False,"{'a': 0.8904752232974726, 'e': 0.3134861808826054}",20,11,-2.7177125310140173,"{0: 7, 1: 1, 2: 1, 3: 0, 4: 0}",1
117,False,"{'a': 0.8895851931634113, 'e': 0.31036694126548503}",20,0,-30.07379409280155,"{0: 18, 1: 0, 2: 0, 3: 1, 4: 1}",0
118,False,"{'a': 0.8886960526146174, 'e': 0.30727873860113125}",20,7,-42.825458887120725,"{0: 9, 1: 0, 2: 2, 3: 2, 4: 0}",1
119,False,"{'a': 0.8878078007619501, 'e': 0.3042212640667041}",20,0,11.533879636922292,"{0: 17, 1: 3, 2: 0, 3: 0, 4: 0}",0
120,False,"{'a': 0.8869204367171575, 'e': 0.30119421191220214}",35,0,-31.56679079782504,"{0: 33, 1: 0, 2: 0, 3: 0, 4: 2}",0
121,False,"{'a': 0.8860339595928756, 'e': 0.2981972794298874}",20,0,9.677455524844055,"{0: 18, 1: 1, 2: 1, 3: 0, 4: 0}",0
122,False,"{'a': 0.8851483685026271, 'e': 0.2952301669240142}",20,0,-4.491810213872993,"{0: 16, 1: 3, 2: 1, 3: 0, 4: 0}",0
123,False,"{'a': 0.8842636625608209, 'e': 0.2922925776808594}",30,2,2.475375206581745,"{0: 26, 1: 0, 2: 1, 3: 1, 4: 0}",1
124,False,"{'a': 0.8833798408827509, 'e': 0.28938421793905067}",25,0,-44.67384535846249,"{0: 20, 1: 2, 2: 2, 3: 0, 4: 1}",0
125,False,"{'a': 0.8824969025845955, 'e': 0.28650479686019015}",25,8,25.04728733012593,"{0: 17, 1: 0, 2: 0, 3: 0, 4: 0}",1
126,False,"{'a': 0.8816148467834161, 'e': 0.2836540264997704}",20,0,-33.557864041945216,"{0: 18, 1: 0, 2: 0, 3: 1, 4: 1}",0
127,False,"{'a': 0.880733672597157, 'e': 0.2808316217783798}",20,8,22.723518245883376,"{0: 12, 1: 0, 2: 0, 3: 0, 4: 0}",1
128,False,"{'a': 0.8798533791446438, 'e': 0.27803730045319414}",20,7,-74.63364589946784,"{0: 8, 1: 0, 2: 3, 3: 1, 4: 1}",1
129,False,"{'a': 0.8789739655455832, 'e': 0.27527078308975234}",30,1,-22.36562856966629,"{0: 26, 1: 0, 2: 2, 3: 0, 4: 1}",1
130,False,"{'a': 0.8780954309205613, 'e': 0.2725317930340126}",20,1,27.0146428330928,"{0: 19, 1: 0, 2: 0, 3: 0, 4: 0}",1
131,False,"{'a': 0.8772177743910435, 'e': 0.26982005638468687}",20,1,-16.187594999885338,"{0: 16, 1: 0, 2: 2, 3: 1, 4: 0}",1
132,False,"{'a': 0.8763409950793732, 'e': 0.2671353019658504}",30,18,0.7020787544927345,"{0: 10, 1: 1, 2: 1, 3: 0, 4: 0}",1
133,False,"{'a': 0.8754650921087711, 'e': 0.26447726129982396}",20,14,9.701200556880206,"{0: 6, 1: 0, 2: 0, 3: 0, 4: 0}",1
134,False,"{'a': 0.874590064603334, 'e': 0.261845668580326}",35,24,8.4704449047125,"{0: 10, 1: 0, 2: 1, 3: 0, 4: 0}",1
135,False,"{'a': 0.8737159116880344, 'e': 0.2592402606458915}",25,13,21.950189184631345,"{0: 12, 1: 0, 2: 0, 3: 0, 4: 0}",1
136,False,"{'a': 0.8728426324887193, 'e': 0.2566607769535559}",25,14,-24.51754678335516,"{0: 8, 1: 1, 2: 1, 3: 1, 4: 0}",1
137,False,"{'a': 0.8719702261321094, 'e': 0.25410695955280027}",25,2,-40.206153605922,"{0: 19, 1: 0, 2: 3, 3: 0, 4: 1}",1
138,False,"{'a': 0.8710986917457983, 'e': 0.2515785530597565}",20,8,9.734638895928459,"{0: 11, 1: 0, 2: 1, 3: 0, 4: 0}",1
139,False,"{'a': 0.8702280284582515, 'e': 0.2490753046316682}",25,15,8.636032123215442,"{0: 9, 1: 0, 2: 1, 3: 0, 4: 0}",1
140,False,"{'a': 0.8693582353988059, 'e': 0.24659696394160646}",30,10,1.3897280967238708,"{0: 18, 1: 1, 2: 0, 3: 1, 4: 0}",1
141,False,"{'a': 0.8684893116976679, 'e': 0.2441432831534371}",20,0,-20.61872350888339,"{0: 18, 1: 0, 2: 1, 3: 0, 4: 1}",0
142,False,"{'a': 0.867621256485914, 'e': 0.24171401689703648}",20,0,-1.4907289386981608,"{0: 18, 1: 0, 2: 1, 3: 1, 4: 0}",0
143,False,"{'a': 0.866754068895489, 'e': 0.23930892224375455}",25,19,-11.297584557977647,"{0: 5, 1: 0, 2: 0, 3: 1, 4: 0}",1
144,False,"{'a': 0.865887748059205, 'e': 0.2369277586821218}",20,0,-66.2408305872736,"{0: 16, 1: 2, 2: 0, 3: 0, 4: 2}",0
145,False,"{'a': 0.8650222931107413, 'e': 0.23457028809379768}",20,12,15.610213254160614,"{0: 8, 1: 0, 2: 0, 3: 0, 4: 0}",1
146,False,"{'a': 0.8641577031846428, 'e': 0.23223627472975886}",20,14,-1.2200167692761446,"{0: 5, 1: 0, 2: 1, 3: 0, 4: 0}",1
147,False,"{'a': 0.8632939774163194, 'e': 0.22992548518672387}",20,10,-47.40033328355793,"{0: 8, 1: 0, 2: 0, 3: 1, 4: 1}",1
148,False,"{'a': 0.8624311149420455, 'e': 0.22763768838381276}",30,18,-15.585036452776881,"{0: 10, 1: 0, 2: 1, 3: 1, 4: 0}",1
149,False,"{'a': 0.8615691148989583, 'e': 0.22537265553943875}",25,0,8.636918517870296,"{0: 22, 1: 1, 2: 2, 3: 0, 4: 0}",0
150,False,"{'a': 0.8607079764250578, 'e': 0.22313016014842985}",30,5,2.124243673564232,"{0: 21, 1: 2, 2: 2, 3: 0, 4: 0}",1
151,False,"{'a': 0.8598476986592055, 'e': 0.22090997795937822}",20,1,25.526969063811197,"{0: 19, 1: 0, 2: 0, 3: 0, 4: 0}",1
152,False,"{'a': 0.8589882807411235, 'e': 0.21871188695221477}",20,6,9.568052762452645,"{0: 13, 1: 0, 2: 1, 3: 0, 4: 0}",1
153,False,"{'a': 0.8581297218113938, 'e': 0.21653566731600707}",30,0,-1.5970955970582068,"{0: 27, 1: 0, 2: 2, 3: 1, 4: 0}",0
154,False,"{'a': 0.8572720210114575, 'e': 0.21438110142697797}",20,0,8.53561164326889,"{0: 18, 1: 1, 2: 1, 3: 0, 4: 0}",0
155,False,"{'a': 0.8564151774836135, 'e': 0.21224797382674307}",20,15,-4.286160824510565,"{0: 4, 1: 0, 2: 1, 3: 0, 4: 0}",1
156,False,"{'a': 0.8555591903710185, 'e': 0.21013607120076475}",20,9,22.096639765885815,"{0: 11, 1: 0, 2: 0, 3: 0, 4: 0}",1
157,False,"{'a': 0.8547040588176851, 'e': 0.20804518235702046}",20,2,14.845158605208232,"{0: 17, 1: 0, 2: 1, 3: 0, 4: 0}",1
158,False,"{'a': 0.8538497819684817, 'e': 0.20597509820488347}",25,13,-18.654452311248374,"{0: 11, 1: 0, 2: 0, 3: 0, 4: 1}",1
159,False,"{'a': 0.8529963589691315, 'e': 0.20392561173421345}",20,0,-3.1574766176329083,"{0: 17, 1: 0, 2: 3, 3: 0, 4: 0}",0
160,False,"{'a': 0.8521437889662113, 'e': 0.2018965179946554}",35,0,-48.76794773409808,"{0: 26, 1: 4, 2: 4, 3: 1, 4: 0}",0
161,False,"{'a': 0.8512920711071511, 'e': 0.1998876140751445}",30,18,23.604854219960693,"{0: 12, 1: 0, 2: 0, 3: 0, 4: 0}",1
162,False,"{'a': 0.850441204540233, 'e': 0.19789869908361468}",25,7,17.437832236746353,"{0: 17, 1: 0, 2: 1, 3: 0, 4: 0}",1
163,False,"{'a': 0.8495911884145902, 'e': 0.19592957412690934}",30,0,30.074810885189276,"{0: 30, 1: 0, 2: 0, 3: 0, 4: 0}",0
164,False,"{'a': 0.8487420218802068, 'e': 0.19398004229089189}",25,0,6.0287831619793035,"{0: 22, 1: 3, 2: 0, 3: 0, 4: 0}",0
165,False,"{'a': 0.8478937040879159, 'e': 0.1920499086207541}",20,0,-6.2301319844074,"{0: 18, 1: 0, 2: 1, 3: 1, 4: 0}",0
166,False,"{'a': 0.8470462341893996, 'e': 0.19013898010152053}",25,14,-59.1094418578689,"{0: 9, 1: 0, 2: 0, 3: 0, 4: 2}",1
167,False,"{'a': 0.8461996113371882, 'e': 0.1882470656387468}",20,5,13.106572664693871,"{0: 14, 1: 0, 2: 1, 3: 0, 4: 0}",1
168,False,"{'a': 0.8453538346846587, 'e': 0.18637397603941}",20,7,-51.2002693989765,"{0: 10, 1: 0, 2: 1, 3: 1, 4: 1}",1
169,False,"{'a': 0.8445089033860343, 'e': 0.1845195239929893}",20,13,11.90348450243711,"{0: 7, 1: 0, 2: 0, 3: 0, 4: 0}",1
170,False,"{'a': 0.8436648165963837, 'e': 0.18268352405273466}",20,12,9.058716127119725,"{0: 7, 1: 1, 2: 0, 3: 0, 4: 0}",1
171,False,"{'a': 0.8428215734716199, 'e': 0.1808657926171221}",30,10,39.10262187890842,"{0: 20, 1: 0, 2: 0, 3: 0, 4: 0}",1
172,False,"{'a': 0.8419791731684999, 'e': 0.17906614791149325}",25,3,13.962069885678538,"{0: 21, 1: 0, 2: 1, 3: 0, 4: 0}",1
173,False,"{'a': 0.8411376148446232, 'e': 0.17728440996987782}",20,10,-43.26785775295383,"{0: 7, 1: 1, 2: 1, 3: 0, 4: 1}",1
174,False,"{'a': 0.8402968976584314, 'e': 0.1755204006169969}",20,13,3.920677476372335,"{0: 6, 1: 1, 2: 0, 3: 0, 4: 0}",1
175,False,"{'a': 0.8394570207692074, 'e': 0.17377394345044514}",20,14,10.195226647482851,"{0: 6, 1: 0, 2: 0, 3: 0, 4: 0}",1
176,False,"{'a': 0.838617983337074, 'e': 0.17204486382305054}",20,9,-17.347799278937266,"{0: 10, 1: 0, 2: 0, 3: 0, 4: 1}",1
177,False,"{'a': 0.8377797845229938, 'e': 0.17033298882540945}",25,18,6.384598914573541,"{0: 6, 1: 1, 2: 0, 3: 0, 4: 0}",1
178,False,"{'a': 0.8369424234887681, 'e': 0.16863814726859552}",20,2,9.534891471648535,"{0: 16, 1: 2, 2: 0, 3: 0, 4: 0}",1
179,False,"{'a': 0.8361058993970355, 'e': 0.16696016966704072}",25,9,-7.19951934269106,"{0: 14, 1: 0, 2: 1, 3: 1, 4: 0}",1
180,False,"{'a': 0.835270211411272, 'e': 0.16529888822158656}",20,0,27.856144881302676,"{0: 20, 1: 0, 2: 0, 3: 0, 4: 0}",0
181,False,"{'a': 0.8344353586957896, 'e': 0.16365413680270408}",30,3,24.57581523796288,"{0: 25, 1: 1, 2: 1, 3: 0, 4: 0}",1
182,False,"{'a': 0.8336013404157353, 'e': 0.16202575093388077}",20,0,21.646557314432975,"{0: 19, 1: 0, 2: 1, 3: 0, 4: 0}",0
183,False,"{'a': 0.832768155737091, 'e': 0.16041356777517277}",25,11,14.872480817300069,"{0: 13, 1: 0, 2: 1, 3: 0, 4: 0}",1
184,False,"{'a': 0.8319358038266718, 'e': 0.1588174261069207}",20,0,24.06852883285936,"{0: 20, 1: 0, 2: 0, 3: 0, 4: 0}",0
185,False,"{'a': 0.8311042838521256, 'e': 0.1572371663136276}",25,13,21.333153970170745,"{0: 12, 1: 0, 2: 0, 3: 0, 4: 0}",1
186,False,"{'a': 0.8302735949819328, 'e': 0.1556726303679973}",20,3,-24.17350414632821,"{0: 15, 1: 0, 2: 1, 3: 0, 4: 1}",1
187,False,"{'a': 0.8294437363854039, 'e': 0.15412366181513143}",25,0,-7.517219117040784,"{0: 24, 1: 0, 2: 0, 3: 0, 4: 1}",0
188,False,"{'a': 0.8286147072326806, 'e': 0.15259010575688386}",20,8,10.935232068465664,"{0: 11, 1: 1, 2: 0, 3: 0, 4: 0}",1
189,False,"{'a': 0.8277865066947336, 'e': 0.15107180883637084}",20,12,-27.503674405590225,"{0: 7, 1: 0, 2: 0, 3: 0, 4: 1}",1
190,False,"{'a': 0.8269591339433623, 'e': 0.14956861922263506}",20,8,9.874088948488287,"{0: 11, 1: 0, 2: 1, 3: 0, 4: 0}",1
191,False,"{'a': 0.8261325881511938, 'e': 0.14808038659546244}",35,23,22.843587237262987,"{0: 12, 1: 0, 2: 0, 3: 0, 4: 0}",1
192,False,"{'a': 0.8253068684916823, 'e': 0.14660696213035015}",25,7,-30.440111269574842,"{0: 15, 1: 1, 2: 1, 3: 0, 4: 1}",1
193,False,"{'a': 0.8244819741391082, 'e': 0.14514819848362376}",25,5,-8.547831425297494,"{0: 17, 1: 0, 2: 3, 3: 0, 4: 0}",1
194,False,"{'a': 0.8236579042685769, 'e': 0.14370394977770296}",30,12,28.66012221107824,"{0: 18, 1: 0, 2: 0, 3: 0, 4: 0}",1
195,False,"{'a': 0.8228346580560184, 'e': 0.1422740715865136}",20,10,18.637642281130294,"{0: 10, 1: 0, 2: 0, 3: 0, 4: 0}",1
196,False,"{'a': 0.8220122346781865, 'e': 0.140858420921045}",20,12,14.344669461472662,"{0: 8, 1: 0, 2: 0, 3: 0, 4: 0}",1
197,False,"{'a': 0.821190633312658, 'e': 0.13945685621505094}",20,13,0.0326830015058055,"{0: 6, 1: 0, 2: 1, 3: 0, 4: 0}",1
198,False,"{'a': 0.8203698531378311, 'e': 0.13806923731089282}",20,3,22.740740963554178,"{0: 17, 1: 0, 2: 0, 3: 0, 4: 0}",1
199,False,"{'a': 0.8195498933329256, 'e': 0.13669542544552388}",20,10,19.082035191501728,"{0: 10, 1: 0, 2: 0, 3: 0, 4: 0}",1
200,False,"{'a': 0.8187307530779818, 'e': 0.1353352832366127}",30,2,1.947686713320014,"{0: 27, 1: 0, 2: 0, 3: 0, 4: 1}",1
201,False,"{'a': 0.8179124315538594, 'e': 0.13398867466880496}",20,6,-59.84998252551712,"{0: 12, 1: 0, 2: 0, 3: 0, 4: 2}",1
202,False,"{'a': 0.8170949279422366, 'e': 0.13265546508012174}",30,20,8.249057417038037,"{0: 9, 1: 0, 2: 1, 3: 0, 4: 0}",1
203,False,"{'a': 0.8162782414256099, 'e': 0.13133552114849306}",20,3,-29.052534801066017,"{0: 15, 1: 0, 2: 1, 3: 0, 4: 1}",1
204,False,"{'a': 0.8154623711872927, 'e': 0.13002871087842593}",20,14,11.522979035301544,"{0: 6, 1: 0, 2: 0, 3: 0, 4: 0}",1
205,False,"{'a': 0.8146473164114145, 'e': 0.12873490358780426}",35,5,-0.9692650296345751,"{0: 27, 1: 0, 2: 2, 3: 1, 4: 0}",1
206,False,"{'a': 0.8138330762829207, 'e': 0.12745396989482075}",20,10,17.931836101596936,"{0: 10, 1: 0, 2: 0, 3: 0, 4: 0}",1
207,False,"{'a': 0.813019649987571, 'e': 0.12618578170503877}",20,16,8.491055540809928,"{0: 4, 1: 0, 2: 0, 3: 0, 4: 0}",1
208,False,"{'a': 0.8122070367119391, 'e': 0.12493021219858243}",20,8,17.98514620558231,"{0: 12, 1: 0, 2: 0, 3: 0, 4: 0}",1
209,False,"{'a': 0.8113952356434114, 'e': 0.12368713581745484}",25,7,9.727888257149425,"{0: 16, 1: 1, 2: 1, 3: 0, 4: 0}",1
210,False,"{'a': 0.8105842459701871, 'e': 0.12245642825298192}",20,14,-12.185775060729252,"{0: 5, 1: 0, 2: 0, 3: 1, 4: 0}",1
211,False,"{'a': 0.8097740668812763, 'e': 0.1212379664333817}",30,0,0.2504098555470291,"{0: 29, 1: 0, 2: 0, 3: 0, 4: 1}",0
212,False,"{'a': 0.8089646975664999, 'e': 0.12003162851145674}",20,0,28.970784324349506,"{0: 20, 1: 0, 2: 0, 3: 0, 4: 0}",0
213,False,"{'a': 0.8081561372164884, 'e': 0.11883729385240967}",25,16,17.302645759813704,"{0: 9, 1: 0, 2: 0, 3: 0, 4: 0}",1
214,False,"{'a': 0.8073483850226815, 'e': 0.1176548430217792}",25,12,10.210531749812775,"{0: 12, 1: 0, 2: 1, 3: 0, 4: 0}",1
215,False,"{'a': 0.8065414401773269, 'e': 0.11648415777349698}",20,3,-6.3671274348311355,"{0: 15, 1: 0, 2: 1, 3: 1, 4: 0}",1
216,False,"{'a': 0.8057353018734796, 'e': 0.11532512103806253}",20,12,13.081850471688929,"{0: 8, 1: 0, 2: 0, 3: 0, 4: 0}",1
217,False,"{'a': 0.8049299693050015, 'e': 0.11417761691083651}",30,7,-76.78610434590091,"{0: 18, 1: 1, 2: 2, 3: 0, 4: 2}",1
218,False,"{'a': 0.8041254416665596, 'e': 0.11304153064044986}",30,22,15.471665186104635,"{0: 8, 1: 0, 2: 0, 3: 0, 4: 0}",1
219,False,"{'a': 0.8033217181536265, 'e': 0.11191674861732889}",30,7,36.32121654547307,"{0: 23, 1: 0, 2: 0, 3: 0, 4: 0}",1
220,False,"{'a': 0.8025187979624785, 'e': 0.11080315836233387}",25,9,28.134055908729756,"{0: 16, 1: 0, 2: 0, 3: 0, 4: 0}",1
221,False,"{'a': 0.8017166802901953, 'e': 0.10970064851551142}",25,0,21.60558390032643,"{0: 23, 1: 1, 2: 1, 3: 0, 4: 0}",1
222,False,"{'a': 0.8009153643346592, 'e': 0.10860910882495797}",20,9,9.272580578453546,"{0: 10, 1: 1, 2: 0, 3: 0, 4: 0}",1
223,False,"{'a': 0.8001148492945541, 'e': 0.10752843013579497}",30,9,25.869583808819613,"{0: 20, 1: 0, 2: 1, 3: 0, 4: 0}",1
224,False,"{'a': 0.7993151343693651, 'e': 0.10645850437925282}",30,16,26.33883188274129,"{0: 14, 1: 0, 2: 0, 3: 0, 4: 0}",1
225,False,"{'a': 0.7985162187593771, 'e': 0.10539922456186435}",20,6,19.631424066432796,"{0: 14, 1: 0, 2: 0, 3: 0, 4: 0}",1
226,False,"{'a': 0.7977181016656743, 'e': 0.10435048475476501}",25,0,17.72714849060971,"{0: 24, 1: 0, 2: 0, 3: 1, 4: 0}",0
227,False,"{'a': 0.7969207822901396, 'e': 0.10331218008310021}",30,16,25.711963555893924,"{0: 14, 1: 0, 2: 0, 3: 0, 4: 0}",1
228,False,"{'a': 0.7961242598354538, 'e': 0.10228420671553745}",20,0,-10.005469886208303,"{0: 19, 1: 0, 2: 0, 3: 0, 4: 1}",0
229,False,"{'a': 0.795328533505094, 'e': 0.10126646185388341}",25,9,17.10738481607359,"{0: 15, 1: 1, 2: 0, 3: 0, 4: 0}",1
230,False,"{'a': 0.794533602503334, 'e': 0.10025884372280372}",25,16,18.266128531574328,"{0: 9, 1: 0, 2: 0, 3: 0, 4: 0}",1
231,False,"{'a': 0.7937394660352428, 'e': 0.09926125155964566}",25,1,37.96937309432106,"{0: 24, 1: 0, 2: 0, 3: 0, 4: 0}",1
232,False,"{'a': 0.7929461233066837, 'e': 0.09827358560436156}",25,0,25.553840591636803,"{0: 24, 1: 1, 2: 0, 3: 0, 4: 0}",0
233,False,"{'a': 0.792153573524314, 'e': 0.09729574708953277}",20,0,-9.895365115701045,"{0: 18, 1: 0, 2: 0, 3: 2, 4: 0}",0
234,False,"{'a': 0.7913618158955839, 'e': 0.09632763823049305}",20,0,-10.659936663851122,"{0: 19, 1: 0, 2: 0, 3: 0, 4: 1}",0
235,False,"{'a': 0.7905708496287356, 'e': 0.09536916221554963}",20,6,26.4921992136985,"{0: 14, 1: 0, 2: 0, 3: 0, 4: 0}",1
236,False,"{'a': 0.7897806739328027, 'e': 0.09442022319630236}",20,0,-53.1586998855168,"{0: 18, 1: 0, 2: 0, 3: 0, 4: 2}",0
237,False,"{'a': 0.7889912880176096, 'e': 0.09348072627805848}",30,15,34.069229746417214,"{0: 15, 1: 0, 2: 0, 3: 0, 4: 0}",1
238,False,"{'a': 0.7882026910937704, 'e': 0.09255057751034329}",25,3,-29.888860011967527,"{0: 19, 1: 0, 2: 2, 3: 0, 4: 1}",1
239,False,"{'a': 0.787414882372688, 'e': 0.09162968387750485}",20,7,12.392461111804792,"{0: 12, 1: 0, 2: 1, 3: 0, 4: 0}",1
240,False,"{'a': 0.7866278610665535, 'e': 0.09071795328941253}",20,0,16.473776844613493,"{0: 19, 1: 0, 2: 1, 3: 0, 4: 0}",0
241,False,"{'a': 0.7858416263883455, 'e': 0.08981529457224764}",20,15,9.504648144091055,"{0: 5, 1: 0, 2: 0, 3: 0, 4: 0}",1
242,False,"{'a': 0.7850561775518295, 'e': 0.08892161745938636}",25,18,15.17210432791119,"{0: 7, 1: 0, 2: 0, 3: 0, 4: 0}",1
243,False,"{'a': 0.7842715137715565, 'e': 0.08803683258237256}",30,11,-9.406266855036716,"{0: 18, 1: 0, 2: 0, 3: 0, 4: 1}",1
244,False,"{'a': 0.7834876342628626, 'e': 0.08716085146198131}",25,14,17.40786308905507,"{0: 11, 1: 0, 2: 0, 3: 0, 4: 0}",1
245,False,"{'a': 0.7827045382418681, 'e': 0.08629358649937051}",20,0,35.808389851012315,"{0: 20, 1: 0, 2: 0, 3: 0, 4: 0}",0
246,False,"{'a': 0.7819222249254772, 'e': 0.08543495096732125}",20,0,33.58205945760633,"{0: 20, 1: 0, 2: 0, 3: 0, 4: 0}",1
247,False,"{'a': 0.7811406935313765, 'e': 0.0845848590015647}",20,14,4.926913354238002,"{0: 5, 1: 1, 2: 0, 3: 0, 4: 0}",1
248,False,"{'a': 0.7803599432780343, 'e': 0.08374322559219598}",20,7,22.786822957855204,"{0: 13, 1: 0, 2: 0, 3: 0, 4: 0}",1
249,False,"{'a': 0.7795799733847004, 'e': 0.08290996657517267}",30,15,20.289399204750126,"{0: 15, 1: 0, 2: 0, 3: 0, 4: 0}",1
250,False,"{'a': 0.7788007830714049, 'e': 0.08208499862389881}",25,2,-45.80412186009093,"{0: 21, 1: 0, 2: 0, 3: 0, 4: 2}",1
251,False,"{'a': 0.7780223715589574, 'e': 0.08126823924089169}",25,6,21.715598550742527,"{0: 18, 1: 1, 2: 0, 3: 0, 4: 0}",1
252,False,"{'a': 0.7772447380689461, 'e': 0.08045960674953244}",20,6,21.485584501981794,"{0: 14, 1: 0, 2: 0, 3: 0, 4: 0}",1
253,False,"{'a': 0.7764678818237378, 'e': 0.07965902028589801}",25,15,18.21572096732156,"{0: 10, 1: 0, 2: 0, 3: 0, 4: 0}",1
254,False,"{'a': 0.775691802046476, 'e': 0.07886639979067496}",20,7,24.832136012437836,"{0: 13, 1: 0, 2: 0, 3: 0, 4: 0}",1
255,False,"{'a': 0.774916497961081, 'e': 0.07808166600115314}",30,7,-46.49490322647893,"{0: 21, 1: 0, 2: 0, 3: 0, 4: 2}",1
256,False,"{'a': 0.7741419687922484, 'e': 0.07730474044329975}",25,15,9.984436520807154,"{0: 9, 1: 1, 2: 0, 3: 0, 4: 0}",1
257,False,"{'a': 0.7733682137654491, 'e': 0.07653554542391153}",25,4,35.30547207419339,"{0: 21, 1: 0, 2: 0, 3: 0, 4: 0}",1
258,False,"{'a': 0.772595232106928, 'e': 0.07577400402284548}",35,24,-4.799210168021886,"{0: 9, 1: 0, 2: 2, 3: 0, 4: 0}",1
259,False,"{'a': 0.7718230230437034, 'e': 0.07502004008532698}",20,13,14.524161105972713,"{0: 7, 1: 0, 2: 0, 3: 0, 4: 0}",1
260,False,"{'a': 0.7710515858035663, 'e': 0.07427357821433388}",20,11,18.285129990770034,"{0: 9, 1: 0, 2: 0, 3: 0, 4: 0}",1
261,False,"{'a': 0.7702809196150792, 'e': 0.07353454376305711}",30,13,11.386700191112952,"{0: 16, 1: 0, 2: 0, 3: 1, 4: 0}",1
262,False,"{'a': 0.7695110237075758, 'e': 0.0728028628274356}",35,17,32.53813118400576,"{0: 18, 1: 0, 2: 0, 3: 0, 4: 0}",1
263,False,"{'a': 0.7687418973111603, 'e': 0.07207846223876611}",20,0,-21.010912903095647,"{0: 16, 1: 0, 2: 4, 3: 0, 4: 0}",0
264,False,"{'a': 0.7679735396567061, 'e': 0.07136126955638607}",25,9,26.238115594325023,"{0: 16, 1: 0, 2: 0, 3: 0, 4: 0}",1
265,False,"{'a': 0.7672059499758557, 'e': 0.0706512130604296}",25,6,0.7833972685751536,"{0: 17, 1: 1, 2: 0, 3: 1, 4: 0}",1
266,False,"{'a': 0.7664391275010192, 'e': 0.06994822174465537}",25,0,29.989324361155298,"{0: 24, 1: 0, 2: 1, 3: 0, 4: 0}",0
267,False,"{'a': 0.765673071465374, 'e': 0.069252225309346}",30,20,16.0485141488832,"{0: 10, 1: 0, 2: 0, 3: 0, 4: 0}",1
268,False,"{'a': 0.764907781102864, 'e': 0.06856315415427792}",30,20,20.33003409547514,"{0: 10, 1: 0, 2: 0, 3: 0, 4: 0}",1
269,False,"{'a': 0.764143255648199, 'e': 0.06788093937176144}",20,9,22.26409258972991,"{0: 11, 1: 0, 2: 0, 3: 0, 4: 0}",1
270,False,"{'a': 0.7633794943368531, 'e': 0.06720551273974976}",20,14,8.872205826085494,"{0: 6, 1: 0, 2: 0, 3: 0, 4: 0}",1
271,False,"{'a': 0.7626164964050653, 'e': 0.06653680671501687}",30,13,28.864652853034585,"{0: 17, 1: 0, 2: 0, 3: 0, 4: 0}",1
272,False,"{'a': 0.7618542610898376, 'e': 0.06587475442640296}",20,12,-9.797539094735582,"{0: 7, 1: 0, 2: 0, 3: 1, 4: 0}",1
273,False,"{'a': 0.7610927876289343, 'e': 0.06521928966812754}",20,0,24.641757162428533,"{0: 20, 1: 0, 2: 0, 3: 0, 4: 0}",0
274,False,"{'a': 0.7603320752608821, 'e': 0.06457034689316848}",25,3,31.36147720648893,"{0: 22, 1: 0, 2: 0, 3: 0, 4: 0}",1
275,False,"{'a': 0.7595721232249685, 'e': 0.06392786120670758}",25,11,24.139957846629436,"{0: 14, 1: 0, 2: 0, 3: 0, 4: 0}",1
276,False,"{'a': 0.7588129307612415, 'e': 0.06329176835964072}",30,8,34.474057932131785,"{0: 22, 1: 0, 2: 0, 3: 0, 4: 0}",1
277,False,"{'a': 0.7580544971105083, 'e': 0.06266200474215317}",25,7,29.685371184627385,"{0: 18, 1: 0, 2: 0, 3: 0, 4: 0}",1
278,False,"{'a': 0.7572968215143355, 'e': 0.062038507377358304}",20,14,12.375373324217199,"{0: 6, 1: 0, 2: 0, 3: 0, 4: 0}",1
279,False,"{'a': 0.7565399032150474, 'e': 0.061421213915000133}",25,11,17.60669030830205,"{0: 13, 1: 0, 2: 1, 3: 0, 4: 0}",1
280,False,"{'a': 0.7557837414557255, 'e': 0.06081006262521796}",25,0,28.57870844151114,"{0: 24, 1: 1, 2: 0, 3: 0, 4: 0}",0
281,False,"{'a': 0.755028335480208, 'e': 0.06020499239237355}",20,1,27.85144641675288,"{0: 19, 1: 0, 2: 0, 3: 0, 4: 0}",1
282,False,"{'a': 0.754273684533089, 'e': 0.059605942708939375}",20,8,-3.3806814028606116,"{0: 11, 1: 0, 2: 0, 3: 1, 4: 0}",1
283,False,"{'a': 0.7535197878597172, 'e': 0.05901285366944785}",25,11,25.124600881452245,"{0: 14, 1: 0, 2: 0, 3: 0, 4: 0}",1
284,False,"{'a': 0.7527666447061963, 'e': 0.058425665964500835}",20,7,13.110675989906971,"{0: 12, 1: 1, 2: 0, 3: 0, 4: 0}",1
285,False,"{'a': 0.7520142543193826, 'e': 0.05784432087483847}",30,19,12.88975669360335,"{0: 10, 1: 1, 2: 0, 3: 0, 4: 0}",1
286,False,"{'a': 0.751262615946886, 'e': 0.057268760265467365}",25,16,15.063976023445994,"{0: 9, 1: 0, 2: 0, 3: 0, 4: 0}",1
287,False,"{'a': 0.750511728837068, 'e': 0.05669892657984692}",20,16,8.572811848802829,"{0: 4, 1: 0, 2: 0, 3: 0, 4: 0}",1
288,False,"{'a': 0.7497615922390413, 'e': 0.05613476283413373}",20,7,18.783138685762882,"{0: 13, 1: 0, 2: 0, 3: 0, 4: 0}",1
289,False,"{'a': 0.7490122054026693, 'e': 0.05557621261148307}",20,6,-15.16277868748579,"{0: 13, 1: 0, 2: 0, 3: 0, 4: 1}",1
290,False,"{'a': 0.7482635675785653, 'e': 0.055023220056407245}",20,8,23.587539422405637,"{0: 12, 1: 0, 2: 0, 3: 0, 4: 0}",1
291,False,"{'a': 0.747515678018091, 'e': 0.054475729869189866}",30,0,45.149584742886304,"{0: 30, 1: 0, 2: 0, 3: 0, 4: 0}",0
292,False,"{'a': 0.7467685359733571, 'e': 0.053933687300356026}",30,13,31.82622603648894,"{0: 17, 1: 0, 2: 0, 3: 0, 4: 0}",1
293,False,"{'a': 0.7460221406972215, 'e': 0.05339703814519709}",25,14,12.71313006669622,"{0: 10, 1: 1, 2: 0, 3: 0, 4: 0}",1
294,False,"{'a': 0.7452764914432887, 'e': 0.052865728738350375}",30,16,22.06304724132462,"{0: 14, 1: 0, 2: 0, 3: 0, 4: 0}",1
295,False,"{'a': 0.7445315874659094, 'e': 0.052339705948432395}",30,16,26.416857319899265,"{0: 14, 1: 0, 2: 0, 3: 0, 4: 0}",1
296,False,"{'a': 0.7437874280201796, 'e': 0.05181891717272585}",35,21,13.748396595193064,"{0: 13, 1: 0, 2: 1, 3: 0, 4: 0}",1
297,False,"{'a': 0.7430440123619398, 'e': 0.05130331033191912}",25,2,35.34427257571004,"{0: 23, 1: 0, 2: 0, 3: 0, 4: 0}",1
298,False,"{'a': 0.7423013397477743, 'e': 0.05079283386489851}",20,13,9.557269305091411,"{0: 7, 1: 0, 2: 0, 3: 0, 4: 0}",1
299,False,"{'a': 0.7415594094350105, 'e': 0.05028743672359187}",20,0,28.26852657131928,"{0: 20, 1: 0, 2: 0, 3: 0, 4: 0}",0
300,False,"{'a': 0.7408182206817179, 'e': 0.04978706836786395}",30,12,-47.86467043173843,"{0: 13, 1: 2, 2: 2, 3: 0, 4: 1}",1
1,True,"{'a': 0, 'e': 0}",30,8,39.03775828476164,"{0: 22, 1: 0, 2: 0, 3: 0, 4: 0}",1
2,True,"{'a': 0, 'e': 0}",20,10,15.82010467496004,"{0: 10, 1: 0, 2: 0, 3: 0, 4: 0}",1
3,True,"{'a': 0, 'e': 0}",25,13,18.16770304280895,"{0: 12, 1: 0, 2: 0, 3: 0, 4: 0}",1
4,True,"{'a': 0, 'e': 0}",30,12,28.644705160054706,"{0: 18, 1: 0, 2: 0, 3: 0, 4: 0}",1
5,True,"{'a': 0, 'e': 0}",30,1,45.4252142408301,"{0: 29, 1: 0, 2: 0, 3: 0, 4: 0}",1
6,True,"{'a': 0, 'e': 0}",20,4,25.685262441886866,"{0: 16, 1: 0, 2: 0, 3: 0, 4: 0}",1
7,True,"{'a': 0, 'e': 0}",25,0,37.71897762190201,"{0: 25, 1: 0, 2: 0, 3: 0, 4: 0}",0
8,True,"{'a': 0, 'e': 0}",35,13,42.115499990093106,"{0: 22, 1: 0, 2: 0, 3: 0, 4: 0}",1
9,True,"{'a': 0, 'e': 0}",30,13,27.83778915647123,"{0: 17, 1: 0, 2: 0, 3: 0, 4: 0}",1
10,True,"{'a': 0, 'e': 0}",20,16,7.0675123514423195,"{0: 4, 1: 0, 2: 0, 3: 0, 4: 0}",1
